11,1,切换为桌面模式,切换为桌面模式
11,2,切换为桌面模式,切换回出面膜
11,3,切换为桌面模式,切换回桌面模式
12,1,琴华为虚拟现实模式,切换为虚拟现实模式
12,2,切换为虚拟现实模式,切换为虚拟现实模式
12,3,切换为虚拟现实模式,切换为虚拟现实模式
13,1,切换为遨游模式,切换为好友模式
13,2,切换为遨游模式,切换为好友模式
13,3,切换伟遨游模式,交换围殴模式
20,1,切换主结构为线风格,切换主结构辉县风格
20,2,切换主结构为线风格,切换出结构为县风格
20,3,切换主结构为线风格,千万注结构微信吧
21,1,切换主结构为点风格,切换主结构为点风格
21,2,切换主结构为点风格,千万出结构我也变风格
21,3,主结构为点风格,他们昨天给我一点分
22,1,切换主结构为主链风格,切换主结构为主练风格
22,2,切换主结构为主链风格,切换出结构为主恋风
22,3,切换主结构为主链风格,请问祝坚果为主裂缝
23,1,切换主结构为球风格,切换主结构为秋风
23,2,切换主结构为球风格,切换主结构为求风格
23,3,切换主结构为球风格,策划组结构为求风格
24,1,切换主结构为棍风格,切换主结构围困风格
24,2,切换主结构为棍风格,切换主结构为棍风格
24,3,切换主结构为棍风格,切换主结构微观风格
25,1,切换主结构为球棍风格,切换主结构为求问风格
25,2,切换主结构为球棍风格,切换主结构为球棍风格
25,3,切换主结构为球棍风格,切换主结构为球馆风格
26,1,切换主结构为钢丝风格,切换主结构为纲丝风格
26,2,切换主结构为钢丝风格,切换主结构为钢是疯子
26,3,切换主结构为钢丝风格,切换主结构为纲丝风格
27,1,切换主结构为二级结构风格,切换出结构为二级结构风格
27,2,切换主结构为二级结构风格,切换主结构为二级结构风格
27,3,切换主结构为二级结构风格,切换主结构二级结构风格
28,1,隐藏主结构,隐藏主结构
28,2,隐藏主结构,隐藏主结构
28,3,隐藏主结构,你堂主街
29,1,显示主结构,显示主结构
29,2,显示主结构,先是主角
29,3,显示主,形式主义
31,1,切换配体结构为线风格,切换配体结构为现峰哥
31,2,切换配体结构为线风格,切换配体结构为先锋
31,3,切换配体结构为,切换配体结构为幸福
32,1,切换配体结构为球风格,切换配体结合高为秋风
32,2,切换配体结构为球风格,切换台系结构为秋风
32,3,切换配体结构为球风格,听话快点各位求助
33,1,切换配体结构为棍风格,切换配体结构为官方哥
33,2,切换配体结构为棍风格,切换配体结构为辊缝
33,3,切换配体结构为棍风格,切换配体结构为棍风格
34,1,切换配体结构为球棍风格,贴画配体结构为求更风格
34,2,切换配体结构为球棍风格,切换配体结构为求更疯
34,3,切换配体结构为球棍风格,千万别提前购回求婚风格
35,1,隐藏配体,隐藏配体
35,2,隐藏配体,英唐配
35,3,隐藏配体,你看配
36,1,显示配体,而且是陪体
36,2,显示配体,寝室配
36,3,显示配,也是配
41,1,显示水分子,先是水分子
41,2,显示水分,琴是谁
41,3,显示水分子,全是水分
42,1,隐藏水分子,隐藏水分子
42,2,隐藏水分子,隐藏十分
42,3,隐藏水分,你糖水分
43,1,显示氢键,先是亲戚
43,2,显示氢键,全是亲戚
43,3,显示氢,显示器
44,1,隐藏氢,隐藏清楚
44,2,隐藏氢键,应长青
44,3,隐藏氢,经常听
45,1,显示突变,显示to be
45,2,显示图片,显示出
45,3,寝室图片,前视图
46,1,隐藏突变,隐藏图标
46,2,隐藏突变,您常出差
46,3,隐藏突变,你唐突
51,1,表面透明,表面透明
51,2,表面透明,表面透明
51,3,表面透明,表明痛
52,1,表面网格,表面网格
52,2,表面网格,表面网购
52,3,表面网格,表面顽固
53,1,隐藏表面,隐藏表面
53,2,隐藏表面,隐藏表
53,3,隐藏表面,你堂妹
54,1,显示表面,显示表面
54,2,显示表面,寝室两个
54,3,是表面,听视频
61,1,按照元素着色,按照原宿主
61,2,按照元素着色,按照元素着色
61,3,按照元素着色,按照原速度
62,1,按照氨基酸着色,按照氨基酸注射
62,2,按照氨基酸着色,按照氨基酸着色
62,3,按照氨基酸,那个氨基酸
63,1,按照二级结构着色,按照二级结构着色
63,2,按照二级结构着色,按照二级结构着手
63,3,按照二级结构着色,看着二级结构中
64,1,按照链着色,按照练着手
64,2,按照链着色,按照炼铸
64,3,按照链着色,按照两种色
65,1,按照b因子着色,按照be in此处
65,2,按照b因子着色,按照b因此着色
65,3,按照b因子着色,按照病因是什么
66,1,按照谱着色,按照普卓sir
66,2,按照谱着色,按照普卓sir
66,3,按照谱着色,按照普洛斯
67,1,按照疏水性着色,按照输水性着色
67,2,按照疏水性着色,按照书水性着色
67,3,按照疏水性着色,按照舒适性着色
68,1,按照保守性着色,按照保守性着色
68,2,按照保守性着色,按照保守性浊
68,3,按照保守性着色,穿着保守性格
71,1,切换为,切换为拖拽
71,2,切换为,切换为拖拽
71,3,切换为拖拽,切换为拖拽
72,1,切换为标签,切换为标签
72,2,切换为标签,听话为荣
72,3,切换为标签,切换为标
73,1,旋转,旋转
73,2,旋转,群主
73,3,旋转,群主
741,1,横轴旋转,横轴旋转
741,2,横轴旋转,杭州选
741,3,横轴旋转,杭州寻
742,1,纵轴旋转,纵轴旋转
742,2,纵轴旋转,众筹宣传
742,3,郑州旋转,在中周旋着
743,1,竖轴旋转,受周宣传
743,2,竖轴旋转,触头群
743,3,竖轴旋转,让出重拳
751,1,顺时针旋转,嗯顺时针旋转
751,2,创世珍旋转,这是真穷
751,3,顺时针旋转,传世臻选
752,1,逆时针旋转,传历史甄选出
752,2,逆时针旋转,逆时针旋转
752,3,逆时针旋转,你是真选
76,1,移动,移动
76,2,移动,移动
76,3,移动,移动
771,1,横轴移动,杭州移动
771,2,横轴移动,杭州移动
771,3,横轴移动,杭州移动
772,1,纵轴移动,众筹移动
772,2,郑州移动,众筹你
772,3,纵轴移动,你众筹一对
773,1,竖轴移动,数周密度
773,2,竖轴移动,数着你的
773,3,竖轴移动,住着你
781,1,正向移动,正像你
781,2,正向移动,正向移动
781,3,正向移动,正向移动
782,1,反向移动,反向移动
782,2,反向移动,返校没
782,3,反向移动,南昌移动
701,1,停止旋转,停止旋转
701,2,停止旋转,停止旋转
701,3,停止旋转,停止旋转
702,1,停止移动,停吃一顿
702,2,停止移动,停止你的
702,3,停止移动,停止移动
